海淀区,万寿路街道,万寿路社区卫生服务中心,北京市海淀区翠微中里13号,68252828
海淀区,羊坊店街道,羊坊店社区卫生服务中心,北京市海地区北蜂窝中路乙8号,63965642
海淀区,八里庄街道,八里庄社区卫生服务中心,北京市海淀区八里庄22号,68457866
海淀区,甘家口街道,甘家口社区卫生服务中心,北京市海淀区增光路甲57号,68315627
海淀区,北下关街道,北下关社区卫生服务中心,北京市海淀区交大东路3号,62255940
海淀区,北太平庄街道,北太平庄社区卫生服务中心,北京市海淀区文慧园6号楼,62269365
海淀区,花园路街道,蓟门里社区卫生服务中心,北京市海淀区蓟门里小区,82011138
海淀区,中关村街道,双榆树社区卫生服务中心,北京市海淀区双榆树西里12号,62564032
海淀区,学院路街道,学院路社区卫生服务中心,北京市海淀区北四环中路279号展春园30号楼,82432727
海淀区,上地街道,上地社区卫生服务中心,北京市海淀区西北旺二街5号卫生大厦,62984596
海淀区,清河街道,清河社区卫生服务中心,北京市海淀区安宁庄东路19号,62913775
海淀区,东升镇,东升镇社区卫生服务中心,北京市海淀区东升镇潘庄村西路莱圳家园西侧,62951768
海淀区,海淀街道,海淀镇社区卫生服务中心,北京市海淀区西苑操场108号,62878894
海淀区,四季青镇,四季青镇社区卫生服务中心,北京市海淀区远大路32号,88448161
海淀区,温泉镇,温泉镇社区卫生服务中心,北京市海淀区温泉镇黑龙潭,62456525
海淀区,西北旺镇,西北旺镇社区卫生服务中心,北京市海淀区北清路永丰嘉园五区7号楼、6号楼底商,62443791
海淀区,上庄镇,上庄镇社区卫生服务中心,北京市海淀区上庄镇上庄村北,62471669
海淀区,苏家坨镇,苏家坨镇社区卫生服务中心,北京市海淀区苏家坨镇西小营集镇北侧路,62482791
海淀区,田村路街道,田村社区卫生服务中心,北京市海淀区田村北路海澜中苑小区2号公建楼,88180330
海淀区,紫竹院街道,紫竹院社区卫生服务中心,北京市海淀区中关村大街29号,62638813
海淀区,海淀街道,海淀社区卫生服务中心,北京市海淀区海淀南路33号,82871456
海淀区,中关村街道,中关村社区卫生服务中心,北京市中关村南路12号,62553297
海淀区,青龙桥街道,青龙桥社区卫生服务中心,北京市海淀区厢红旗东2号,62881708
海淀区,羊坊店街道,羊坊店水利社区卫生服务中心,北京市海淀区玉渊潭南路19号（普惠北里）3栋一层,88615648
海淀区,永定路街道,永定路社区卫生服务中心,北京市海淀区永定路57号213楼,68387073
海淀区,紫竹院街道,首都师范大学社区卫生服务中心,北京市海淀区西三环北路105号,010-68902622
海淀区,八里庄街道,玉渊潭社区卫生服务中心,北京市海淀区阜成路85号,88115077
海淀区,中关村街道,北京理工大学社区卫生服务中心,北京市海淀区中关村南大街5号,68913923
海淀区,紫竹院街道,北京外国语大学社区卫生服务中心,北京市海淀区西三环北路2号,88816878
海淀区,中关村街道,中国人民大学社区卫生服务中心,北京市海淀区中关村大街59号（校园内）,62513390
海淀区,学院路街道,北京大学医学部社区卫生服务中心,北京市海淀区学院路38号北京大学医学部内,82802364
海淀区,学院路街道,北京航空航天大学社区卫生服务中心,北京市海淀区学院路37号北京航空航天大学医院,82317296
海淀区,学院路街道,北京语言大学社区卫生服务中心,北京市海淀区学院路15号,82303177
海淀区,学院路街道,北京科技大学社区卫生服务中心,北京市海淀区学院路30号,62332909
海淀区,清华园街道,清华大学社区卫生服务中心,北京市海淀区清华大学,62784635
海淀区,燕园街道,北京大学社区卫生服务中心,北京海淀颐和园路5号,62765531
海淀区,清河街道,社会福利社区卫生服务中心,北京市海淀区清河三街52号,62913558
海淀区,花园路街道,花园路社区卫生服务中心,北京市海淀区马甸月季园小区甲3号,62355899
海淀区,西三旗街道,西三旗社区卫生服务中心,北京市海淀区宝盛里小区32号楼,62901115
海淀区,香山街道,香山社区卫生服务中心,北京市海淀区香山路甲1号2区,51795189
海淀区,马连洼街道,马连洼社区卫生服务站,北京市海淀区马连洼街道兰园小区物业白楼,62813519
海淀区,上地街道,树村社区卫生服务站,北京市海淀区上地街道厢黄旗树村万树园小区,82796107
海淀区,东升地区（东升乡）,东升镇社区卫生服务中心,北京市海淀区东升镇潘庄村西路莱圳家园西侧,62951768
海淀区,温泉镇,温泉镇社区卫生服务中心,北京市海淀区温泉镇黑龙潭,62456525
海淀区,四季青镇,四季青镇社区卫生服务中心,北京市海淀区远大路32号,88448161
海淀区,西北旺镇,西北旺镇社区卫生服务中心,京市海淀区北清路永丰嘉园五区7号楼、6号楼底商,62443791
海淀区,苏家坨镇,苏家坨镇社区卫生服务中心,北京市海淀区苏家坨镇西小营集镇北侧路东,62482791
海淀区,上庄镇,上庄镇社区卫生服务中心,北京市海淀区上庄镇上庄村北,62471669
海淀区,万寿路街道,翠微南里社区卫生服务站,北京市海淀区万寿路街道翠微南里南平房1号,68158187
海淀区,其他,中央民族大学社区卫生服务中心,北京市海淀区中关村南大街27号,68932488
海淀区,其他,北京交通大学社区卫生服务中心,北京市海淀区西外大街上园村3号,51682525
海淀区,其他,北京邮电大学社区卫生服务中心,北京市海淀区西土城路10号,62283212
海淀区,其他,北京师范大学社区卫生服务中心,北京市海淀区新外大街19号,58808227
海淀区,其他,中国农业大学东区社区卫生服务中心,北京市海淀区清华东路17号中国农业大学东区院内,62736616
海淀区,其他,北京林业大学社区卫生服务中心,北京市海淀区清华东路35号院内,62338236
海淀区,其他,中国农业大学西区社区卫生服务中心,北京市海淀区圆明园西路2号,62732550
海淀区,其他,体育大学社区卫生服务中心,北京市海淀区信息路48号,62989470
海淀区,其他,北京市海淀区北安河社区卫生服务中心,北京市海淀区北安河路8号,62454872
丰台区 ,卢沟桥街道,卢沟桥社区卫生服务中心,北京市丰台区卢沟桥晓月苑清音街1号, 83216921
丰台区 ,大红门街道,大红门社区卫生服务中心,北京市丰台区大红门东后街156号,87288041
丰台区 ,丰台街道,丰台社区卫生服务中心,北京市丰台区大成南里二区3号楼/丰台镇兴隆中街6号,63820716
丰台区 ,方庄地区,方庄社区卫生服务中心,北京市丰台区方庄芳群园三区一号楼,67631289
丰台区 ,右安门街道,右安门社区卫生服务中心,北京市丰台区右安门外开阳里二街1号,63538453
丰台区 ,新村街道,新村社区卫生服务中心,北京市丰台区首经贸北路8号院4号楼,63621236
丰台区 ,长辛店街道,长辛店社区卫生服务中心,北京市丰台区长辛店大街甲262号,83882827
丰台区 ,长辛店镇,长辛店镇社区卫生服务中心,北京市丰台区长辛店镇射击场路23号,83861652
丰台区 ,王佐镇,王佐镇社区卫生服务中心,北京市丰台区王佐镇西王佐356号,83316357
丰台区 ,东铁匠营街道,铁营社区卫生服务中心,北京市丰台区横一条甲18号院3号楼,67688332
丰台区 ,西罗园街道,西罗园社区卫生服务中心,北京市丰台区西罗园一区26号楼,67219781
丰台区 ,南苑街道,南苑社区卫生服务中心,北京市丰台区和义东里二区6号,67966719
丰台区 ,马家堡街道,马家堡社区卫生服务中心,北京市丰台区马家堡嘉园二里14号,67534558
丰台区 ,长辛店镇,二七南社区卫生服务中心,北京市丰台区长辛店崔村二里18号,83306531
丰台区 ,长辛店镇,二七北社区卫生服务中心,北京市丰台区长辛店镇张郭庄南路甲一号,83804470
丰台区 ,云岗街道,云岗社区卫生服务中心,北京市丰台区云岗南区20楼,68374253
丰台区 ,太平桥街道,太平桥社区卫生服务中心,北京市丰台区太平桥西里甲1号,63501188
丰台区 ,东高地街道,东高地社区卫生服务中心,北京市丰台区花乡纪家庙168号,63726782
丰台区 ,卢沟桥乡,卢沟桥乡社区卫生服务中心,北京市丰台区西局南街137号8号楼,63845387
丰台区 ,和义街道,丰台区和义街道和义西里社区卫生服务站,北京市丰台区大红门南路58号,67979210
丰台区 ,花乡乡,花乡社区卫生服务中心,北京市丰台区花乡纪家庙168号,63726782
丰台区 ,南苑乡 ,南苑社区卫生服务中心,北京市丰台区和义东里二区6号,67966719
丰台区 ,马家堡街道,同仁京苑社区卫生服务中心,北京市丰台区马家堡东路88号,51215069
丰台区 ,其他,蒲黄榆社区卫生服务中心,北京市丰台区蒲安西里16号,67616028
丰台区 ,其他,朱家坟社区卫生服务中心,北京市丰台区朱家坟四里13号,83807069
石景山区,八角街道,八角社区卫生服务中心,北京市石景山区八角北路,68862920
石景山区,五里坨街道，以及鲁谷社区行政事务管理中心。,五里坨社区卫生服务中心,北京市石景山区石门路322号,51510589
石景山区,八宝山街道,八宝山社区卫生服务中心,北京市石景山区鲁谷东街38号,010-88655151
石景山区,苹果园街道,苹果园社区卫生服务中心,北京市石景山区苹果园大街86号,88707858
石景山区,金顶街街道,金顶街社区卫生服务中心,北京市石景山区金顶北路22号院1号楼,88778785 
石景山区,老山街道,老山社区卫生服务中心,北京市石景山区老山西里,88296529
石景山区,古城街道,古城社区卫生服务中心,北京市石景山区古城小街,88296532
石景山区,广宁街道,广宁社区卫生服务中心,北京市石景山区广宁街道原广宁中学院内,88990400
石景山区,其他,鲁谷社区卫生服务中心,北京市石景山鲁谷小区六合园,010-51718219
石景山区,其他,北方工大社区卫生服务中心,北京市石景山区晋元庄路5号,88803257
平谷区,马坊镇,马坊社区卫生服务中心,北京市平谷区马坊镇西大街32号,60999071
平谷区,高村镇,东高村社区卫生服务中心,北京市平谷区东高村镇兴业路32号,69908547
平谷区,峪口镇,峪口社区卫生服务中心,北京市平谷区峪口镇峪新大街1号,61904757
平谷区,大华山镇,大华山社区卫生服务中心,北京市平谷区大华山镇大华山村村西257号,61947273
平谷区,马昌营镇,马昌营社区卫生服务中心,北京市平谷区马昌营镇马昌营村北,61982797
平谷区,平谷镇,平谷镇社区卫生服务中心,北京市平谷区平谷镇新平南路207号,69961013
平谷区,金海湖镇,金海湖社区卫生服务中心,北京市平谷区金海湖镇滑子村,69994772
平谷区,夏各庄镇,夏各庄社区卫生服务中心,北京市平谷区夏各庄镇夏各庄村西,60911618
平谷区,南独乐河镇,南独乐河社区卫生服务中心,北京市平谷区南独乐河镇粮管所路169号,60927224
平谷区,大兴庄镇,大兴庄社区卫生服务中心,北京市平谷区大兴庄镇大兴庄村东路270号,89931395
平谷区,镇罗营镇,镇罗营社区卫生服务中心,北京市平谷区镇罗营镇上营村西158号,61969034
平谷区,黄松峪乡,黄松峪社区卫生服务中心,北京市平谷区黄松峪乡黄松峪村东大街384号,60972859
平谷区,熊耳寨乡,熊尔寨社区卫生服务中心,北京市平谷区熊耳寨乡熊东路34号,61961882
平谷区,山东庄镇,山东庄社区卫生服务中心,北京市平谷区山东庄镇府前路7号,60937614
平谷区,刘家店镇,刘家店社区卫生服务中心,北京市平谷区刘家店镇刘家店西路18号,61971055
平谷区,王辛庄镇,王辛庄社区卫生服务中心,北京市平谷区王辛庄镇乐园路31号,61921482
平谷区,王辛庄镇,兴谷街道社区卫生服务中心,北京市平谷区王辛庄镇校园路3号,89983646
平谷区,滨河街道,北京市平谷区滨河街道社区卫生服务中心,北京市平谷区滨河街道林荫南街6号,69961913
平谷区,东高村镇,北京市平谷区东高村社区卫生服务中心,北京市平谷区东高村镇兴业路32号,69908547
平谷区,林荫南街,滨河街道社区卫生服务中心,北京市平谷区林荫南街6号,69961913
延庆县,永宁镇,永宁社区卫生服务中心,北京市延庆县永宁镇东街路北,60171487
延庆县,张山营镇,张山营社区卫生服务中心,北京市延庆县张山营镇张山营村,69111163
延庆县,千家店镇,千家店社区卫生服务中心,北京市延庆县千家店镇千家店村,010-60188440
延庆县,四海镇,四海镇社区卫生服务中心,北京市延庆县四海镇四海村,60187205
延庆县,康庄镇,康庄镇社区卫生服务中心,北京市延庆县康庄镇文汇街2号,61161313
延庆县,旧县镇,旧县社区卫服务中心,北京市延庆县旧县镇旧县村西,61151602
延庆县,沈家营镇,沈家营社区卫生服务中心,北京市延庆县沈家营镇沈家营村西,61132245
延庆县,井庄镇,井庄社区卫生服务中心,北京市延庆区井庄镇井庄村,61191705
延庆县,八达岭镇,八达岭社区卫生服务中心,北京市延庆县八达岭镇西拨子村,69120365
延庆县,大榆树镇,大榆树社区卫生服务中心,北京市延庆县大榆树镇大榆树村6号,61182983
延庆县,刘斌堡乡,刘斌堡社区卫生服务中心,北京市延庆区刘斌堡乡刘斌堡村东,010-60181714
延庆县,香营乡,香营社区卫生服务中心,北京市延庆县香营乡香营村西,60162454
延庆县,延庆镇,延庆镇社区卫生服务中心,北京市延庆县南菜园公安医院西侧,69172966
延庆县,大庄科乡,大庄科社区卫生服务中心,北京市延庆县大庄科乡大庄科村,60189817
延庆县,妫水南街,南菜园社区卫生服务中心,北京市延庆县妫水南街0号,69181772
延庆县,香营乡,香营乡香营村卫生室,北京市延庆县香营乡香营村中心公路边,69181772
密云县,鼓楼街道,鼓楼社区卫生服务中心,北京市密云县鼓楼东大街6号,69044334
密云县,果园街道,果园社区卫生服务中心,北京市密云县果园街道西门外,69044606
密云县,西田各庄镇,西田各庄镇社区卫生服务中心,北京市密云县西田各庄镇西田各庄村,61015254
密云县,十里堡镇,十里堡镇社区卫生服务中心,北京市密云县十里堡镇河槽村西200米,010-89023297
密云县,河南寨镇,河南寨镇社区卫生服务中心,北京市密云县河南寨镇芦古庄村北,61087288
密云县,巨各庄镇,巨各庄镇社区卫生服务中心,北京市密云县巨各庄镇水峪村,61033001
密云县,东邵渠镇,东邵渠镇社区卫生服务中心,北京市密云县东邵渠镇高各庄村,61061321
密云县,大城子镇,大城子镇社区卫生服务中心,北京市密云县大城子镇大城子村,61071761
密云县,穆家峪镇,穆家峪镇社区卫生服务中心,北京市密云县穆家峪镇南穆家峪村,61053836
密云县,太师屯镇,太师屯镇社区卫生服务中心,北京市密云县太师屯镇,69032541
密云县,北庄镇,北庄镇社区卫生服务中心,北京市密云县北庄镇北庄村,81002006
密云县,新城子镇,新城子镇社区卫生服务中心,北京市密云县新城子镇新城子村,81023799
密云县,古北口镇,古北口镇社区卫生服务中心,北京市密云县古北口镇河东村,81051007
密云县,高岭镇,高岭镇社区卫生服务中心,北京市密云区高岭镇高岭村政府路9号,81081157
密云县,不老屯镇,不老屯镇社区卫生服务中心,北京市密云县不老屯镇不老屯村,81091893
密云县,冯家峪镇,冯家峪镇社区卫生服务中心,北京市密云县冯家峪镇冯家峪村99号,81069963
密云县,石城镇,石城镇社区卫生服务中心,北京市密云县石城镇南石城村,61025192
密云县,溪翁庄镇,溪翁庄镇社区卫生服务中心,北京市密云县溪翁庄镇溪翁庄村,69012577
密云县,密云镇,密云镇社区卫生服务中心,北京市密云县密云镇李各庄村委会南,010-69080456
东城区,东华门街道,东华门社区卫生服务站(中心站),北京市东城区瓷器库南巷1号,65597833
东城区,安定门街道,安定门社区卫生服务站(中心站),北京市东城区豆腐池胡同13号,64007169
东城区,北新桥街道,北新桥社区卫生服务站(中心站),北京市东城区东直门大街184号,64053216
东城区,东四街道,东四社区卫生服务站（中心站）,北京市东城区东四六条62号,64017470
东城区,东直门街道,东直门社区卫生服务站（中心站）,北京市东城区东直门外察慈小区7号楼,64610470
东城区,和平里街道,和平里社区卫生服务站（中心站）,北京市东城区和平里北街18号西门,64215168
东城区,东四南大街,东城区朝阳门社区卫生服务中心,北京市东城区东四南大街灯草胡同31号,65138019
东城区,建国门街道,东城区建国门社区卫生服务中心,北京市东城区市桥街西城路西兴苑12栋东梯2-3楼,34605032
东城区,东花市街道,东城区东花市社区卫生服务中心,北京市东城区广渠家园13号楼,34605032
东城区,天坛街道,天坛社区卫生服务中心,北京市东城区粉厂胡同57号,67074337
东城区,东直门街道,东直门街道清水苑社区卫生服务站,北京市东城区清水苑小区4号,64611494
东城区,体育馆路街道,体育馆路社区卫生服务中心,北京市东城区法华南里25号楼西门,67120019
东城区,景山街道,景山街道宽街社区卫生服务站,北京市东城区美术馆后街12号,64006540
东城区,景山街道,景山街道魏家社区卫生服务站,北京市东城区魏家胡同53号,84032330
东城区,交道口街道,交道口街道交东社区卫生服务站,北京市东城区土儿胡同10号楼,84046916
东城区,朝阳门街道,朝阳门街道朝内头条社区卫生服务站,北京市东城区朝内大街203号,64015610
东城区,建国门街道,建国门街道外交部街社区卫生服务站,北京市东城区东堂子胡同24号,65121974
东城区,其他,忠实里社区卫生服务中心,北京市东城区忠实里西区7号楼106,87749048
东城区,其他,龙潭社区卫生服务中心,北京市崇文区光明中街25号,67111096
西城区,西长安街街道,西长安街社区卫生服务中心,北京市西城区油坊胡同52号,66018511
西城区,新街口街道,新街口社区卫生服务中心,北京市西城区后半壁街19号,66250400
西城区,月坛街道,月坛社区卫生服务中心,北京市西城区复兴门外真武庙六里7号楼,68032035
西城区,展览路街道,展览路社区卫生服务中心,北京市西城区阜成门外北大街201号,68352553
西城区,德胜街道,德胜社区卫生服务中心,北京市西城区德外大街34号,62012633
西城区,金融街街道,金融街社区卫生服务中心,北京市西城区阜成门内大街306号,66030336
西城区,什刹海街道,什刹海社区卫生服务中心,北京市西城区正觉胡同甲13号,83285658
西城区,陶然亭街道,陶然亭社区卫生服务中心,北京市西城区陶然亭路12号,63534679
西城区,椿树街道,椿树社区卫生服务中心,北京市西城区西琉璃厂63号,010-63035473
西城区,牛街街道,牛街社区卫生服务中心,北京市西城区培育胡同15号,010-83539819
西城区,广安门内街道,广内社区卫生服务中心,北京市西城区校场五条49号,63037725 
西城区,白纸坊街道,白纸坊社区卫生服务中心,北京市西城区新安中里4号,63522376
西城区,广安门外街道,广外社区卫生服务中心,北京市西城区广外三义里甲2号,63269062
西城区,天桥街道,天桥社区卫生服务中心,北京市西城区万明路甲8号,010-63153498
西城区,大栅栏街道,大栅栏社区卫生服务中心,北京市西城区煤市街152,63033727
门头沟区,大峪街道,门城地区社区卫生服务中心,北京市门头沟区峪园小区甲六号,69842268
门头沟区,城子街道,门城地区社区卫生服务中心,北京市门头沟区峪园小区甲六号,69842269
门头沟区,龙泉镇,门城地区社区卫生服务中心,北京市门头沟区峪园小区甲六号,69842270
门头沟区,潭柘寺镇,潭柘寺镇社区卫生服务中心,北京市门头沟区潭柘寺镇鲁家滩大街64号,60861550
门头沟区,永定镇,永定镇社区卫生服务中心（永定镇卫生院）,北京市门头沟区石门营B1-7号楼,69804370
门头沟区,军庄镇,军庄镇社区卫生服务中心,北京市门头沟区军庄镇政府东侧（军庄镇卫生院）,60811931
门头沟区,妙峰山镇,妙峰山镇社区卫生服务中心（妙峰山镇卫生院）,北京市门头沟区妙峰山镇陇驾庄村,61881686
门头沟区,王平地区,王平镇社区卫生服务中心（色树坟中心卫生院）,北京市门头沟区王平镇色树坟大街10号,61859443
门头沟区,雁翅镇,雁翅镇社区卫生服务中心（雁翅中心卫生院）,北京市门头沟区雁翅镇雁翅村,61830208
门头沟区,斋堂镇,斋堂镇社区卫生服务中心（斋堂医院）,北京市门头沟区斋堂镇东斋堂村33号,15611523043
门头沟区,清水镇,清水镇社区卫生服务中心（清水中心卫生院）,北京市门头沟区清水镇上清水村、清水镇黄塔村、清水镇齐家庄村,60855119
门头沟区,东辛房街道,东辛房社区卫生服务中心（京煤总医院门矿医院）,北京市门头沟区门头沟路47号,61815049
门头沟区,大台街道,大台社区卫生服务中心（京煤总医院大台医院）,北京市门头沟区大台北大地9号,61870100
房山区,良乡镇,良乡地区社区卫生服务中心,北京市房山区良乡苏庄大街,89370240
房山区,城关街道,城关街道社区卫生服务中心,北京市房山区城关北大街16号,89336063
房山区,东风街道,燕化东风街道社区卫生服务中心,北京市房山区东风北里31号,69334338
房山区,东风街道,燕山地区社区卫生服务中心,北京市房山区燕房路50号,69347570
房山区,迎风街道,燕山地区社区卫生服务中心,北京市房山区燕房路50号,69347570
房山区,星城街道,燕山地区社区卫生服务中心,北京市房山区燕房路50号,69347570
房山区,向阳街道,燕山地区社区卫生服务中心,北京市房山区燕房路50号,69347570
房山区,河北镇,河北镇社区卫生服务中心,北京市房山区河北镇李各庄村,60377217
房山区,阎村镇,阎村镇社区卫生服务中心,北京市房山区阎村镇紫园南路28号,01089317688
房山区,张坊镇,张坊社区卫生服务中心,北京市房山区张坊镇张坊村,010-61331366
房山区,长沟镇,长沟社区卫生服务中心,北京市房山区长沟大街15号,01061361364
房山区,周口店镇,周口店镇社区卫生服务中心,北京市房山区周口店大街28号,69305088
房山区,长阳镇,长阳镇社区卫生服务中心,北京市房山区长阳镇政府西侧长阳镇卫生院,80351615
房山区,佛子庄乡,佛子庄社区卫生服务中心,北京市房山区佛子庄乡黑龙关村,60365950
房山区,南窖乡,南窖乡社区卫生服务中心,北京市房山区南窖乡南窖村,60375388
房山区,史家营乡,史家营乡社区卫生服务中心,北京房山区史家营乡北涧村,60397794
房山区,霞云岭乡,霞云岭社区卫生服务中心,北京市房山区霞云岭乡,010-60367349
房山区,大安山乡,大安山乡社区卫生服务中心,北京市房山区大安山乡大安山村,60373799
房山区,石楼镇,石楼社区卫生服务中心,北京市房山区石楼镇石楼大街3号,89300294
房山区,琉璃河镇,琉璃河镇社区卫生服务中心,北京市房山区琉璃河镇中原大街25号,61393399
房山区,青龙湖镇,青龙湖镇社区卫生服务中心,北京市房山区青龙湖镇豆各庄村, 010-60321345
房山区,十渡镇,十渡镇社区卫生服务中心,北京市房山区十渡镇八渡村十渡镇社区卫生服务中心,61340834
房山区,蒲洼乡,蒲洼乡社区卫生服务中心,北京市房山区蒲洼乡蒲洼村,010-61371643
房山区,大石窝镇,大石窝镇社区卫生服务中心,北京市房山区大石窝镇石窝村, 010-61385258
房山区,韩村河镇,韩村河镇社区卫生服务中心,北京市房山区韩村河镇韩村河村;北京市房山区韩村河镇岳各庄村,80380563
房山区,窦店镇,窦店镇社区卫生服务中心,北京市房山区窦店镇窦店村2区77号；北京市房山区窦店镇交道二街四区3号,69396889
房山区,拱辰街道,良乡镇社区卫生服务中心,北京市房山区良乡镇官道东大街48号,60331999
房山区,西潞街道,良乡镇社区卫生服务中心,北京市房山区良乡镇官道东大街48号,60331999
房山区,新镇街道,新镇原新中路社区卫生服务站,北京市房山区新镇原新中路,69358238
房山区,良乡地区,良乡镇社区卫生服务中心,北京市房山区良乡镇官道东大街48号,60331999
通州区,新华街道,新华社区卫生服务中心,北京市通州区新华大街47号,69544236
通州区,永顺地区,永顺社区卫生服务中心,北京市通州区永顺地区龙旺庄36号楼,89596885
通州区,梨园地区,梨园社区卫生服务中心,北京市通州区葛布店南里10、11号楼；通州区群芳园路口往东200米（梨园敬老院底商）；,81553000
通州区,潞城镇,潞城社区卫生服务中心,北京市通州区潞城镇胡各庄,89584074
通州区,潞城镇,甘棠社区卫生服务中心,北京市通州区潞城镇侉店村,61521017
通州区,宋庄镇,宋庄社区卫生服务中心,北京市通州区宋庄镇前夏村,69594606
通州区,宋庄镇,徐辛庄社区卫生服务中心,北京市通州区宋庄镇徐辛庄村,89567154
通州区,中仓街道,新华社区卫生服务中心,北京市通州区新华大街47号,69544236
通州区,北苑街道,新华社区卫生服务中心,北京市通州区新华大街47号,69544236
通州区,玉桥街道,新华社区卫生服务中心,北京市通州区新华大街47号,69544236
通州区,台湖镇,台湖社区卫生服务中心,北京市通州区台湖镇台湖村东口路北, 010-61531720
通州区,台湖镇,次渠社区卫生服务中心,北京市通州区台湖镇次渠村,69544987
通州区,张家湾镇,张家湾社区卫生服务中心,北京市通州区张家湾镇张家湾村东区甲2号,61503694
通州区,张家湾镇,牛堡屯社区卫生服务中心,北京市通州区张家湾镇牛堡屯后坨村186号,69581337
通州区,马驹桥镇,马驹桥社区卫生服务中心,北京市通州区马驹桥镇兴华大街11号,59012825
通州区,马驹桥镇,大杜社社区卫生服务中心,北京市通州区马驹桥镇大杜社村北,61583000
通州区,漷县镇,漷县社区卫生服务中心,北京市通州区漷县镇漷兴一街,80586031
通州区,漷县镇,觅子店社区卫生服务中心,北京市通州区漷县镇觅子店村村北,80566218
通州区,西集镇,西集社区卫生服务中心,北京市通州区西集镇南,010-61576285
通州区,西集镇,郎府社区卫生服务中心,北京市通州区西集镇郎东村后/北京市通州区西集镇郎府敬老院内,61559055
通州区,永乐店镇,永乐店社区卫生服务中心,北京市通州区永乐店镇永乐大街20号, 010-69568653
通州区,于家务回族乡,于家务社区卫生服务中心,北京市通州区于家务回族乡于家务村, 010-80534409
顺义区,北石槽镇,北石槽社区卫生服务中心,北京市顺义区北石槽镇府前街12号,60422508
顺义区,北务镇,北务社区卫生服务中心,北京市顺义区北务镇政府东侧100米,61421715
顺义区,赵全营镇,赵全营社区卫生服务中心,北京市顺义区赵全营镇中板路119号,60431136
顺义区,北小营镇,北小营社区卫生服务中心,北京市顺义区北小营镇府前街2号,60483645
顺义区,南彩镇,南彩社区卫生服务中心,北京市顺义区南彩镇顺平路南彩段３号,89469280
顺义区,南彩镇,洼里社区卫生服务站,北京市顺义区南彩镇洼里村,89461839
顺义区,赵全营镇,板桥社区卫生服务中心,北京市顺义区赵全营镇板桥村牛板路23号,60442196
顺义区,大孙各庄镇,大孙各庄社区卫生服务中心,北京市顺义区大孙各庄镇府前东街4号,01061432044
顺义区,天竺地区,天竺社区卫生服务中心,北京市顺义区天竺镇府前一街27号,01064566232
顺义区,牛栏山地区,牛栏山社区卫生服务中心（三院）,北京市顺义区牛栏山镇府前街13号,52135333
顺义区,杨镇地区,杨镇社区卫生服务中心（二院）,北京市顺义区杨镇环镇东路2号（注：杨镇小学后面）,61451265
顺义区,张镇,张镇社区卫生服务中心,北京市顺义区张镇大街5号,61480647
顺义区,李遂镇,李遂社区卫生服务中心,北京市顺义区李遂镇府前街东侧,89481582
顺义区,南彩镇,俸伯社区卫生服务中心,北京市顺义区南彩镇后俸伯村东,89477261
顺义区,木林镇,木林社区卫生服务中心,北京市顺义区木林镇顺焦路81号,60457195
顺义区,后沙峪地区,后沙峪社区卫生服务中心（空港）,北京市顺义区后沙峪地区双裕街49号,80496772
顺义区,仁和地区,仁和社区卫生服务中心,北京市顺义区石园南区东侧,89446896
顺义区,高丽营镇,张喜庄社区卫生服务中心,北京市顺义区高丽营镇张喜庄村南,010-69491442
顺义区,胜利街道,城区卫生服务中心,北京市顺义区建新南区甲28号北,69448469
顺义区,光明街道,城区卫生服务中心,北京市顺义区建新南区甲28号北,69448469
顺义区,旺泉街道,城区卫生服务中心,北京市顺义区建新南区甲28号北,69448469
顺义区,石园街道,城区卫生服务中心,北京市顺义区建新南区甲28号北,69448469
顺义区,龙湾屯镇,龙湾屯社区卫生服务中心,北京市顺义区龙湾屯镇府前街17号,60462200
顺义区,李桥镇,李桥社区卫生服务中心,北京市顺义区李桥镇任李路沿河段154号,69485961
顺义区,杨镇地区,沙岭社区卫生服务中心,北京市顺平路沙岭段57号,61444966
顺义区,杨镇地区,小店社区卫生服务中心,北京市顺义区杨镇小店村,61412835
顺义区,高丽营镇,高丽营社区卫生服务中心,北京市顺义区高丽营镇高泗路四村段9号,69455946
顺义区,南法信地区,南法信社区卫生服务中心,北京市顺义区南法信镇顺于路9号,69478565
顺义区,马坡地区,马坡社区卫生服务中心,北京市顺义区马坡镇马坡花园东侧,69404194
昌平区,马池口地区,马池口社区卫生服务中心,北小营村马池口社区卫生院临806号,60756310
昌平区,南邵镇,南邵社区卫生服务中心,北京市昌平区南邵镇南邵村,60735776
昌平区,沙河地区,沙河社区卫生服务中心,北京市昌平区沙河镇展思门路5号,80707369
昌平区,十三陵镇,十三陵社区卫生服务中心,北京市昌平区十三陵镇胡庄村,89761433
昌平区,小汤山镇,小汤山社区卫生服务中心,北京市昌平区小汤山镇小汤山村村南,010-61781542
昌平区,兴寿镇,兴寿社区卫生服务中心,北京市昌平区兴寿镇兴寿村西,61726071
昌平区,阳坊镇,阳坊社区卫生服务中心,北京市昌平区阳坊镇阳坊村中心北街13号,69762823
昌平区,城北街道,城区社区卫生服务中心,北京市昌平区城北街道南环里53号,69706816
昌平区,南口地区,南口社区卫生服务中心,北京市昌平区南口镇兴隆街3号,51642228
昌平区,百善镇,百善社区卫生服务中心,北京市昌平区百善镇百善村西,61739134
昌平区,北七家镇,北七家社区卫生服务中心,北京市昌平区北七家镇定泗路北侧,69756429
昌平区,崔村镇,崔村社区卫生服务中心,北京市昌平区崔村镇政府街,60721380
昌平区,东小口地区,东小口社区卫生服务中心,北京市昌平区东小口镇陈营村北,84847221
昌平区,城南街道,城区社区卫生服务中心,北京市昌平区城北街道南环里53号,69706816
昌平区,回龙观地区,回龙观社区卫生服务中心,北京市昌平区回龙观派出所东100米,82950224
昌平区,流村镇,流村社区卫生服务中心,北京市昌平区流村镇北流村北,89778043
大兴区,安定镇,安定社区卫生服务中心,北京市大兴区安定镇善台子村,80232120
大兴区,北臧村镇,北臧村社区卫生服务中心,北京市大兴区北臧村镇北兴路9号,60276179
大兴区,采育镇,采育社区卫生服务中心,北京市大兴区采育镇东二营村,80275012
大兴区,长子营镇,长子营社区卫生服务中心,北京市大兴区长子营镇上长子村,80265046
大兴区,黄村地区（黄村镇）,黄村社区卫生服务中心,北京市大兴区黄村镇狼垡二村,69244148
大兴区,西红门地区（西红门镇）,金星社区卫生服务中心,北京市大兴区西红门镇团河路金荣园小区东里,61288262
大兴区,旧宫地区（旧宫镇）,旧宫社区卫生服务中心,北京市大兴区旧宫镇庑殿路32号,87972870
大兴区,礼贤镇,礼贤社区卫生服务中心,北京市大兴区礼贤镇西,89271505
大兴区,庞各庄镇,庞各庄社区卫生服务中心,北京市大兴区庞各庄镇繁荣村,89287912
大兴区,黄村地区（黄村镇）,孙村社区卫生服务中心,北京市大兴区黄村镇孙村组团横三路西侧,61267297
大兴区,魏善庄镇,魏善庄社区卫生服务中心,北京市大兴区魏善庄镇魏善庄村北,89201952
大兴区,西红门地区（西红门镇）,西红门社区卫生服务中心,北京市大兴区西红门镇欣荣北大街28号,60255344
大兴区,兴丰街道,兴丰街道社区卫生服务中心,北京市大兴区黄村镇富强路20号,69253643
大兴区,亦庄地区（亦庄镇）,亦庄社区卫生服务中心,北京市大兴区广德北巷6号,67870497
大兴区,瀛海镇,瀛海社区卫生服务中心,北京市大兴区瀛海镇政府对面,69271800
大兴区,榆垡镇,榆垡社区卫生服务中心,北京市大兴区榆垡镇榆垡路9号,89213168
大兴区,林校路街道,林校路社区卫生服务中心,北京市黄村西大街26号,60283295
大兴区,清源街道,清源社区卫生服务中心,北京市大兴黄村兴丰北大街138号,60283678
大兴区,青云店镇,青云店社区卫生服务中心,北京市大兴区青云店镇五村,80281032
怀柔区,泉河街道,泉河街道社区卫生服务中心,北京市怀柔区泉河街道社区卫生服务中心,69685145
怀柔区,怀柔地区,怀柔镇社区卫生服务中心,北京市怀柔区兴怀大街4号,69698120
怀柔区,庙城地区,庙城镇社区卫生服务中心,北京市怀柔区庙城镇庙城村,01060693051
怀柔区,桥梓镇,桥梓镇社区卫生服务中心,北京市怀柔区桥梓镇茶坞铁路地区,01051048019
怀柔区,杨宋镇,杨宋镇社区卫生服务中心,北京市怀柔区杨宋镇仙台村,61671428
怀柔区,北房镇,北房镇社区卫生服务中心,北京市怀柔区北房镇社区卫生服务中心,61681942
怀柔区,渤海镇,渤海镇社区卫生服务中心,北京市怀柔区渤海镇渤海所村西,61632391
怀柔区,九渡河镇,九渡河社区卫生服务中心,北京市怀柔区九渡河镇黄花城村,61651165
怀柔区,雁栖地区,雁栖镇社区卫生服务中心,北京市怀柔区雁栖镇下庄村南434号,61642581
怀柔区,怀北镇,怀北镇社区卫生服务中心,北京市怀柔区怀北镇西庄村西319号,010-69662564
怀柔区,琉璃庙镇,琉璃庙镇社区卫生服务中心,北京市怀柔区琉璃庙镇琉璃庙村,61610541
怀柔区,汤河口镇,汤河口镇社区卫生服务中心,北京市怀柔区汤河口镇汤河口大街5号,89671926
怀柔区,宝山镇,宝山镇社区卫生服务中心,北京市怀柔区宝山镇宝山寺村115号,60625988
怀柔区,长哨营满族乡,长哨营社区卫生服务中心,北京市怀柔区长哨营满族乡长哨营村,60621945
怀柔区,喇叭沟门满族乡,喇叭沟门社区卫生服务中心,北京市怀柔区喇叭沟门村,60623519
怀柔区,龙山街道,龙山街道社区卫生服务中心,北京市怀柔区南大街24号,69647901
朝阳区,望京开发街道,望京社区卫生服务中心,北京市朝阳区望花路西里14号,64707662
朝阳区,望京街道,望京社区卫生服务中心,北京市朝阳区望花路西里14号,64707662
朝阳区,酒仙桥街道,酒仙桥社区卫生服务中心,北京市朝阳区酒仙桥十街坊6号,64321278
朝阳区,左家庄街道,左家庄社区卫生服务中心,北京市朝阳区顺源街01楼,64672412
朝阳区,三里屯街道,三里屯社区卫生服务中心,北京市朝阳区北三里屯南45号,010-64152731
朝阳区,团结湖街道,团结湖社区卫生服务中心,北京市朝阳区团结湖北三条7号楼,85975958
朝阳区,六里屯街道,六里屯社区卫生服务中心,北京市朝阳区水碓子东路15号,85964238
朝阳区,朝阳门外街道,朝外社区卫生服务中心,北京市朝阳区工体南路6号,65535620
朝阳区,八里庄街道,八里庄社区卫生服务中心,北京市朝阳区延静西里11楼,65005221
朝阳区,八里庄街道,八里庄第二社区卫生服务中心,北京市朝阳区十里堡东里119楼,65574585
朝阳区,双井街道,双井社区卫生服务中心,北京市朝阳区广渠门外大街31号,67788835
朝阳区,劲松街道,劲松社区卫生服务中心,北京市朝阳区劲松五区,87715961
朝阳区,潘家园街道,潘家园社区卫生服务中心,北京市朝阳区潘家园华威里25号,67719999
朝阳区,垡头街道,垡头社区卫生服务中心,北京市朝阳区垡头金蝉北里19号楼,67204382
朝阳区,孙河地区（孙河乡）,孙河社区卫生服务中心,北京市朝阳区孙河乡西甸村中街,84595672
朝阳区,来广营地区（来广营乡）,来广营社区卫生服务中心,北京市朝阳区朝来家园赢秋苑小区北侧综合楼,84952190
朝阳区,崔各庄地区（崔各庄乡）,崔各庄社区卫生服务中心,北京市朝阳区东直门外京顺路北皋北,84701525
朝阳区,金盏地区（金盏乡）,金盏社区卫生服务中心,北京市朝阳区金盏乡楼梓庄中心街104号,84317826
朝阳区,金盏地区（金盏乡）,金盏第二社区卫生服务中心,北京市朝阳区金盏大街2号，北京市朝阳区金盏乡楼梓庄中心街104号,84334240
朝阳区,东坝地区（东坝乡）,东坝社区卫生服务中心,北京市朝阳区东坝乡东风大队二条,84314994
朝阳区,将台地区（将台乡）,将台社区卫生服务中心,北京市朝阳区酒仙桥路49号,64372046
朝阳区,东风地区（东风乡）,东风社区卫生服务中心,北京市朝阳区南十里居40号；北京市朝阳区石佛营西里29号,84503274
朝阳区,平房地区（平房乡）,平房社区卫生服务中心,北京市朝阳区姚家园西里1号院1号楼,85575492
朝阳区,常营回族地区（常营回族乡）,常营社区卫生服务中心,北京市朝阳区常营回族乡政府西,65435960
朝阳区,高碑店地区（高碑店乡）,高碑店社区卫生服务中心,北京市朝阳区高碑店乡高碑店村250号,85775004
朝阳区,三间房地区（三间房乡）,三间房社区卫生服务中心,北京市朝阳区双桥中路铁路桥南,85365532
朝阳区,管庄地区（管庄乡）,管庄第二社区卫生服务中心,北京市朝阳区管庄地区瑞祥里小区17号楼,85706208
朝阳区,黑庄户地区（黑庄户乡）,黑庄户社区卫生服务中心,北京市朝阳区黑庄户乡黑庄户村,85386211
朝阳区,豆各庄地区（豆各庄乡）,豆各庄社区卫生服务中心,北京市朝阳区豆各庄乡,67384620
朝阳区,王四营地区（王四营乡）,王四营社区卫生服务中心,北京市朝阳区王四营乡,67379393
朝阳区,小红门地区（小红门乡）,小红门社区卫生服务中心,北京市朝阳区鸿博家园五区临2号,87604635
朝阳区,十八里店地区（十八里店乡）,十八里店社区卫生服务中心,北京市朝阳区十八里店乡周家庄村23号,1067482091
朝阳区,南磨房地区（南磨房乡）,南磨房社区卫生服务中心,北京市朝阳区西大望路29号,010-6732664
朝阳区,香河园街道,香河园社区卫生服务中心,北京市朝阳区柳芳南里15号楼,64617215
朝阳区,奥运村地区（奥运村乡）,奥运村社区卫生服务中心,北京市朝阳区媒体村天居园9号楼105,84828804
朝阳区,亚运村街道,亚运村社区卫生服务中心,北京市朝阳区安慧里一区17号楼,010-64916748
朝阳区,安贞街道,安贞社区卫生服务中心,北京市朝阳区安贞社区卫生服务中心,64234017
朝阳区,小关街道,小关社区卫生服务中心,北京市朝阳区安外小关51号,52075435
朝阳区,大屯街道,大屯社区卫生服务中心,北京市朝阳区安慧北里逸园甲10号,64969518
朝阳区,太阳宫地区（太阳宫乡）,太阳宫社区卫生服务中心,北京市朝阳区光熙门北里34号楼,64294423
朝阳区,呼家楼街道,呼家楼第二社区卫生服务中心,北京市朝阳区呼家楼南里1号,65006552
朝阳区,和平街街道,北京市朝阳区和平街社区卫生服务中心,北京市朝阳区和平街13区1号,010-64202514
朝阳区,潘家园街道,北京市朝阳区潘家园第二社区卫生服务中心,北京市朝阳区松榆里22号楼,67335624
朝阳区,建国门外街道,朝阳区建外社区卫生服务中心,北京市朝阳区东三环南路2号,67335624
朝阳区,麦子店街道,朝阳区麦子店街道农展南里社区卫生服务站,北京市朝阳区麦子店街道农展南里社区居委会旁,010-65026170
朝阳区,麦子店街道,朝阳区麦子店街道霞光里社区卫生服务站,北京市朝阳区麦子店街道霞光里30号院内,010-64632529
朝阳区,麦子店街道,朝阳区麦子店街道枣营北里社区卫生服务站,北京市朝阳区麦子店街道枣营北里26号楼东侧,65035115
朝阳区,首都机场街道,朝阳区首都机场街道南平街社区卫生服务站,北京首都机场宿舍区燕翔西里,64597291
朝阳区,酒仙桥街道,朝阳区酒仙桥街道东路社区卫生服务站,北京市朝阳区酒仙桥驼房营南里甲15楼2层,64321278
朝阳区,酒仙桥街道,朝阳区酒仙桥街道南路社区卫生服务站,北京市朝阳区酒仙桥十一街坊21号楼后,64321278
