荔湾区,东漖街,东漖街社区卫生服务中心,广州市荔湾区东漖南路芳村花园中环街8-9号1、2楼,18926230630
荔湾区,彩虹街,彩虹街社区卫生服务中心,广州市荔湾区周门路36-1号,81035423
荔湾区,龙津街,龙津街社区卫生服务中心,广州市荔湾区龙津东路707号,18928844186
荔湾区,金花街,金花街社区卫生服务中心,广州市荔湾区西华路298号,81076356
荔湾区,西村街,西村街社区卫生服务中心,广州市荔湾区西湾路91号,86522602
荔湾区,南源街,南源街社区卫生服务中心,广州市荔湾区南岸路66号,26284467
荔湾区,南源街,南源街环翠园社区卫生服务站,广州市荔湾区南岸路步头新一巷17号,81271769
荔湾区,站前街,站前街社区卫生服务中心,广州市荔湾区站前路9号,86433709
荔湾区,逢源街,逢源街社区卫生服务中心,广州市荔湾区逢源路167-1号,81378876
荔湾区,昌华街,昌华街社区卫生服务中心,广州市荔湾区黄沙大道31号,61359447
荔湾区,多宝街,多宝街社区卫生服务中心,广州市荔湾区恩宁路197号,81386226
荔湾区,多宝街,多宝街新风社区卫生服务站,广州市荔湾区多宝路150号,81814460
荔湾区,华林街,华林街社区卫生服务中心,广州市荔湾区十八甫路23—29号,81882363
荔湾区,沙面街,沙面街社区卫生服务站,广州市荔湾区沙面大街7号,81219501
荔湾区,桥中街,桥中街社区卫生服务中心,广州市荔湾区桥中街桥中南路53号3楼，55号，57号铺,18026305403
荔湾区,花地街,花地街社区卫生服务中心,广州市荔湾区芳村大道中302号,81892939
荔湾区,花地街,花地街中市社区卫生服务站,广州市荔湾区花蕾路中市乌石墩3号,81803571
荔湾区,中南街,中南街社区卫生服务中心,广州市荔湾区花地大道南赤岗东约490号,81504104
荔湾区,中南街,中南街海中社区卫生服务站,广州市荔湾区花地大道南海中村南约237号,81407487
荔湾区,海龙街,海龙街社区卫生服务中心,广州市荔湾区龙溪中路西埔路1号,81418945
荔湾区,白鹤洞街,白鹤洞街社区卫生服务中心,广州市荔湾区花地大道金道花苑金达街18号,13302380372
荔湾区,白鹤洞街,白鹤洞街鹤园社区卫生服务站,广州市荔湾区芳村鹤园中十八巷一号地下,81891712
荔湾区,白鹤洞街,白鹤洞街山顶社区卫生服务站,广州市荔湾区鹤羚路鹤翔里20号地下,81891212
荔湾区,东沙街,东沙街社区卫生服务中心,广州市荔湾区东沙大道345号,81495607
荔湾区,东沙街,东沙街金宇社区卫生服务站,广州市荔湾区东沙大道313号,81495607
荔湾区,石围塘街,石围塘街社区卫生服务中心,广州市荔湾区芳村大道西263号,66287899
荔湾区,茶滘街,茶滘街社区卫生服务中心,广州市荔湾区金兰路1号,15360446
荔湾区,冲口街,冲口街社区卫生服务中心,广州市荔湾区浣花东路塘边大街22号首层,81007527
海珠区,赤岗街,赤岗街社区卫生服务中心,广州市海珠区赤岗北路泓景花园艺泓路13号,89663395
海珠区,赤岗街,赤岗街侨雅社区卫生服务站,广州市海珠区侨雅新街15号之一,84209456
海珠区,新港街,新港街社区卫生服务中心,广州市海珠区新港西路德华街5号,34133276
海珠区,新港街,新港街怡凤社区卫生服务站,广州市海珠区新港街怡乐路怡正街15号,34015341
海珠区,江南中街,江南中街社区卫生服务中心,广州市海珠区宝业路骏园东街10号3楼,84446463
海珠区,素社街,素社街社区卫生服务中心,广州市海珠区纺织路1号中海名都花园名都四街9-15号,89032559
海珠区,滨江街,滨江街社区卫生服务中心,广州市海珠区南华东路636号,89035992
海珠区,滨江街,滨江街江湾社区卫生服务站,广州市海珠区滨江街纺织路2号之4,89229592
海珠区,海幢街,海幢街社区卫生服务中心,广州市海珠区南田路298号,34378963
海珠区,南华西街,南华西街社区卫生服务中心,广州市海珠区同福西路217号,84447935
海珠区,昌岗街,昌岗街社区卫生服务中心,广州市海珠区江南大道中穗花新村二巷12号之一,84083474
海珠区,沙园街,沙园街社区卫生服务中心,广州市海珠区沙园缘觉路7号,84367906
海珠区,沙园街,沙园街西基东社区卫生服务站,广州市海珠区沙园西基东101号之三,84422290
海珠区,沙园街,沙园街光大花园社区卫生服务站,广州市海珠区光大花园康榕街2号,34012753
海珠区,南石头街,南石头街社区卫生服务中心,广州市海珠区工业大道中广纸路21号,84338312
海珠区,南石头街,南石头街石岗社区卫生服务站,广州市海珠区石岗大街29号,34130975
海珠区,龙凤街,龙凤街社区卫生服务中心,广州市海珠区工业大道北77号,34038084
海珠区,龙凤街,龙凤街将军直社区卫生服务站,广州市海珠区同福中路将军直街19号,84397964
海珠区,龙凤街,龙凤街富力社区卫生服务站,广州市革新路127号富力广场综合楼,34128057
海珠区,凤阳街,凤阳街社区卫生服务中心,广州市海珠区叠景中路184号、186号101房,62381893
海珠区,凤阳街,凤阳街泰沙社区卫生服务站,广州市海珠区泰沙路马岗顶金紫里直街五巷1号之一,84077989
海珠区,瑞宝街,瑞宝街社区卫生服务中心,广州市海珠区工业大道南420号,84356056
海珠区,瑞宝街,瑞宝街南洲名苑社区卫生服务站,广州市海珠区瑞宝街东晓南路梦轩北街22-26号首层,84051043
海珠区,瑞宝街,瑞宝街瑞宝北约社区卫生服务站,广州市海珠区瑞宝街北约大街20号,34103719
海珠区,瑞宝街,瑞宝街南洲花园社区卫生服务站,广州市海珠区瑞宝街南洲北路195号之二,84041819
海珠区,江海街,江海街社区卫生服务中心,广州市海珠区敦和路217号,89225757
海珠区,江海街,江海街台涌社区卫生服务站,广州市海珠区江海街紫苑路78号、80号101房,34049552
海珠区,江海街,江海街聚德社区卫生服务站,广州市海珠区江海街聚德路58号,84172025
海珠区,南洲街,南洲街社区卫生服务中心,广州市海珠区沥滘五约后街1号,34272337
海珠区,南洲街,南洲街森语星园社区卫生服务站,广州市海珠区南洲街广州大道南森语二街53号,34121734
海珠区,南洲街,南洲街西滘社区卫生服务站,广州市海珠区南洲街西滘大街8巷18号,62769080
海珠区,南洲街,南洲街大沙社区卫生服务站,广州市海珠区大沙第一经济合作社办公室右侧底层6-7档,62766948
海珠区,南洲街,南洲街三滘社区卫生服务站,广州市海珠区南洲街后滘大街2号,84165355
海珠区,官洲街,官洲街社区卫生服务中心,广州市海珠区官洲街赤沙村赤沙路128号,84094250
海珠区,官洲街,官洲街仑头社区卫生服务站,广州市海珠区官洲街仑头村车站南路38号二楼,34087133
海珠区,官洲街,官洲街北山社区卫生服务站,广州市海珠区官洲街北山村北山大街7号,34089892
海珠区,华洲街,华洲街社区卫生服务中心,广州市海珠区华洲街土华村新埗头东1号,89886305
海珠区,华洲街,华洲街龙潭社区卫生服务站,广州市海珠区华洲街龙潭村村口大街6号,34047558
海珠区,华洲街,华洲街小洲社区卫生服务站,广州市海珠区小洲街拱北大街23号,34080662
海珠区,琶洲街,琶洲街社区卫生服务中心,广州市海珠区新港东路2842号,34090355
海珠区,琶洲街,琶洲街黄埔社区卫生服务站,广州市海珠区新港东路黄埔村口10号,34090090
海珠区,琶洲街,琶洲街琶洲社区卫生服务站,广州市海珠区琶洲村仁瑞大街右八巷2号,34310963
海珠区,琶洲街,琶洲街石基社区卫生服务站,广州市海珠区琶洲街石基村,84135389
越秀区,人民街,越秀区人民街社区卫生服务中心,广州市越秀区泰康路木排头65号、一德路190号1-4楼,83334993
越秀区,光塔街,越秀区光塔街社区卫生服务中心,广州市越秀区朝天路64号、朝天路60号、光塔路怡乐里3号,83343651
越秀区,六榕街,越秀区六榕街社区卫生服务中心,广州市越秀区解放北路迎宾10号、盘福路医国街115号,83332472
越秀区,洪桥街,越秀区洪桥街社区卫生服务中心,广州市越秀区小北路小石街3号、小北路111号首层\夹层\二层,83517551
越秀区,流花街,越秀区流花街社区卫生服务中心,广州市越秀区解放北路桂花岗东一号综合楼1-4层,86233782
越秀区,大东街,越秀区大东街社区卫生服务中心,广州市越秀区东华东路623号、庙前西路仑园19号,87778763
越秀区,珠光街,越秀区珠光街社区卫生服务中心,广州市越秀区万福路166～168、190、203号,83351447
越秀区,华乐街,越秀区华乐街社区卫生服务中心,广州市越秀区淘金路淘金街34号,83575326
越秀区,东山街,越秀区东山街社区卫生服务中心,广州市越秀区明月二路E21地下、寺右新马路南二街六巷19号,87375862
越秀区,农林街,越秀区农林街社区卫生服务中心,广州市越秀区中山三路东皋大道6号三楼,83838572
越秀区,建设街,越秀区建设街社区卫生服务中心,广州市越秀区建设二马路14号,83767047
越秀区,矿泉街,越秀区矿泉街社区卫生服务中心,广州市越秀区广园西路346号首层,86563347
越秀区,大塘街,越秀区大塘街社区卫生服务中心,广州市越秀区德政中路拾桂坊16号,83864413
越秀区,梅花村街,越秀区梅花村街社区卫生服务中心,广州市东风东路水均大街72号,87775926
越秀区,黄花岗街,越秀区黄花岗街社区卫生服务中心,广州市越秀区先烈中路永泰西约6号之三,37589183
越秀区,登峰街,越秀区登峰街社区卫生服务中心,广州市越秀区恒福路60号，广园东路1815号，麓景东路23号,83593481
越秀区,白云街,越秀区白云街社区卫生服务中心,广州市越秀区白云路62号、东华南路159号,62728863
天河区,林和街,林和街社区卫生服务中心,广州市天河区天河北路382号,38810252
天河区,棠下街,棠下街社区卫生服务中心,广州市天河区中山大道棠下新桥路3号,85625185
天河区,棠下街,棠下街第二社区卫生服务中心,广州市天河区中山大道西枫叶路天乐径2号之一（历德雅舍花园内）,38471682
天河区,棠下街,棠下街华景社区卫生服务站,广州市天河区中山大道西183号,62784890
天河区,棠下街,棠下街棠东社区卫生服务站,广州市天河区棠东村新庙前街12号,85551507
天河区,天园街,天园街社区卫生服务中心,广州市天河区中山大道骏景路和风街3号（骏景花园内）,38283046
天河区,天园街,天园街东晖社区卫生服务站,广州市天河区天府路东晖花园西街1号首层,85611768
天河区,冼村街,冼村街社区卫生服务中心,广州市天河区兴盛路10号一、三层,38876202
天河区,冼村街,冼村街杨箕东社区卫生服务站,广州市天河区华穗路386号二楼,38339250
天河区,沙东街,沙东街社区卫生服务中心,广州大道北619号,87709476
天河区,前进街,前进街社区卫生服务中心,广州市天河区桃园中路278号（广州市第十八中学旁）,32051519
天河区,车陂街,车陂街社区卫生服务中心,广州市天河区旭景西街194号,82312192
天河区,车陂街,车陂街广氮社区卫生服务中心,广州市天河区车陂街车陂北街22-1（广氮新村内）,82312910
天河区,员村街,员村街社区卫生服务中心,广州市天河区员村二横路26号,85657508
天河区,员村街,员村街华颖社区卫生服务站,广州市天河区员村一横路七号大院53栋,38697165
天河区,五山街,五山街华工社区卫生服务中心,广州市天河区五山街华南理工大学内,87110936
天河区,五山街,五山街华农社区卫生服务中心,广州市天河区五山街华南农业大学内,85280348
天河区,五山街,五山街东莞庄社区卫生服务站,广州市天河区东莞庄路112号,87237131
天河区,五山街,五山街岳洲社区卫生服务中心,广州市天河区五山街岳洲路39号华农综合楼3楼,85285011
天河区,石牌街,石牌街社区卫生服务中心,广州市天河区天河北路571号（石牌街芳草园小区内）,38129619
天河区,石牌街,石牌街华师社区卫生服务中心,广州市天河区石牌华南师范大学内,85211185
天河区,石牌街,石牌街暨大社区卫生服务中心,广州市天河区暨南大学校内,85220940
天河区,石牌街,石牌街南大社区卫生服务站,广州市天河区石牌东二街48号二楼,87577320
天河区,龙洞街,龙洞街社区卫生服务中心,广州市天河区龙洞直街69号,28854045
天河区,元岗街,元岗街社区卫生服务中心,广州市天河区元岗路538号,37091557
天河区,凤凰街,凤凰街社区卫生服务中心,广州市天河区凤凰街广汕二路7号之1,13560242029
天河区,凤凰街,凤凰街柯木朗社区卫生服务站,广州市天河区凤凰街华美路商业城3号,87065552
天河区,凤凰街,凤凰街渔沙坦社区卫生服务站,广州市天河区凤凰街渔沙坦渔兴路39号,87218629
天河区,兴华街,兴华街社区卫生服务中心,广州市天河区燕岭路268号,61627306
天河区,兴华街,兴华街燕塘社区卫生服务站,广州市天河区燕兴路66-102号,61372102
天河区,黄村街,黄村街社区卫生服务中心,广州市天河区黄村大道西华里2号,82308850
天河区,新塘街,新塘街社区卫生服务中心,广州市天河区新塘街西约大路3号,82340286
天河区,新塘街,新塘街沐贤社区卫生服务站,广州市天河区新塘街沐陂大街7号,32032686
天河区,新塘街,新塘街凌塘社区服务站,广州市天河区凌塘村1号,32017923
天河区,珠吉街,珠吉街社区卫生服务中心,广州市天河区珠村北街西环路9、10号,62816166
天河区,珠吉街,珠吉街吉山社区卫生服务站,广州市天河区珠吉街吉山新路街109号,32010192
天河区,长兴街,长兴街社区卫生服务中心,广州市天河区长兴路乐意居花美景街146号,37212221
天河区,长兴街,长兴街兴科社区卫生服务站,广州市天河区长兴街有色金属研究所内,37238261
天河区,长兴街,长兴街岑村社区卫生服务站,广州市天河区岑村东外街2号,87238841
天河区,长兴街,长兴街长湴社区卫生服务站,广州市天河区长湴南大街1号,37202766
天河区,沙河街,沙河街社区卫生服务中心,广州市天河区先烈东横路10号,87293552
天河区,天河南街,天河南街社区卫生服务中心,广州市天河区体育西横街168-169首层,87513492
天河区,天河南街,天河南街直街社区卫生服务站,广州市天河区天河南街直街102号,38866567
天河区,猎德街,猎德街社区卫生服务中心,广州市天河区海文路九号1-3楼（临江大道和猎德大桥交汇处）,85603760
白云区,石井街,石井街第一社区卫生服务中心,广州市白云区石槎路1577号第四、五层,36394383
白云区,石井街,石井街第二社区卫生服务中心,广州市白云区石井街红星石沙路自编50号,36413487
白云区,石井街,石井街龙湖社区卫生服务站,广州市白云区石井街龙湖路53号,86255623
白云区,石井街,石井街红星社区卫生服务站,广州市白云区石井街石沙路292号,86406715
白云区,石井街,石井街唐阁社区卫生服务站,广州市白云区石井街唐阁上村一巷5号,36387405
白云区,石井街,石井街夏茅社区卫生服务站,广州市白云区石井街夏茅友谊大街13号,86081178
白云区,同和街,同和街社区卫生服务中心,广州市白云区同泰路1668号,37351045
白云区,同和街,同和街白山社区卫生服务站,广州市白云区广州大道北白山东路28号之一,36131336
白云区,松洲街,松洲街社区卫生服务中心,广州市白云区増槎路343-345号,81733136
白云区,黄石街,黄石街社区卫生服务中心,广州市白云区黄石路黄园一街8号,36301449
白云区,黄石街,黄石街高尔夫花园社区卫生服务站,广州市白云区高尔夫荷塘月色悦云路210号,86318597
白云区,同德街,同德街社区卫生服务中心,广州市白云区同德街横窖二马路骏荣商业广场,86289095
白云区,同德街,同德街上步社区卫生服务站,广州市白云区西槎路同德横窖新南一街19号,86175280
白云区,同德街,同德街鹅掌坦社区卫生服务站,广州市白云区西槎路111号百德广场8号铺（鹅掌坦公交车站旁）,86289613
白云区,棠景街,棠景街社区卫生服务中心,广州市白云区远景路48号,26097602
白云区,棠景街,棠景街沙涌北社区卫生服务站,广州市白云区三元里大道沙涌北街38号,26097279
白云区,嘉禾街,嘉禾街社区卫生服务中心,广州市白云区嘉禾北街3号,86093233
白云区,嘉禾街,嘉禾街望岗社区卫生服务站,广州市白云区嘉禾街鹤龙路223-228,62839052
白云区,永平街,白云区永平街社区卫生服务中心,广州市白云区永平街永泰村十二岭路26号,66319120
白云区,永平街,永平街新兴白云花园社区卫生服务中心,广州市白云区新广从路永平街新兴白云花园,86331662
白云区,永平街,永平街永泰新村社区卫生服务站,广州市白云区永平街永泰白云堡大道20号一楼(白云堡立交桥下),36220439
白云区,永平街,永平街东平社区卫生服务站,广州市白云区永平街东平北路128号一楼,36012056
白云区,景泰街,景泰街社区卫生服务中心,广州市白云区景泰街四八巷41号,86589371
白云区,金沙街,金沙街社区卫生服务中心,广州市白云区金沙街横沙大街131号,81971862
白云区,金沙街,金沙街新社区卫生服务站,广州市白云区金沙街环洲三路春和一巷19号,31015826
白云区,金沙街,金沙街沙凤社区卫生服务站,广州市白云区金沙街沙凤村凤岗街1号,81003068
白云区,京溪街,京溪街社区卫生服务中心,广州市白云区京溪中路6号,87269782
白云区,京溪街,京溪街犀牛角社区卫生服务站,广州市白云区京溪街犀牛角村犀牛西路68号,37380488
白云区,新市街,新市街社区卫生服务中心,广州市白云区机场路1128号之一,86095006
白云区,新市街,新市街棠涌社区卫生服务站,广州市白云区新市街棠涌棠乐路38号,36250539
白云区,均禾街,均禾街社区卫生服务中心,广州市白云区均禾街新石路618号,36785175
白云区,均禾街,均禾街清湖社区卫生服务站,广州市白云区均禾街清湖南路53号,86076813
白云区,均禾街,均禾街平沙社区卫生服务站,广州市白云区均禾街平沙村松园中8号,86053380
白云区,三元里,三元里街社区卫生服务中心,广州市白云区石榴桥路77号,26296910
白云区,三元里,三元里街机场一·二居委社区卫生服务站,广州市白云区机场路松云街39号,36229300
白云区,三元里,三元里街东约社区卫生服务站,广州市白云区三元里抗英大街51号,86550587
黄埔区,荔联街,荔联社区卫生服务站,广州市黄埔区荔联街沧头中路大门口市场侧,32071375
黄埔区,荔联街,云埔社区卫生服务站,广州市黄埔区云埔工业区,82251693
黄埔区,荔联街,沧联社区卫生服务站,广州市黄埔区沧联候王庙旁,82181382
黄埔区,南岗街,南岗街社区卫生服务中心,广州市黄埔区黄埔东路3762号,82248815
黄埔区,南岗街,电力社区卫生服务站,广州市黄埔区沙步塘头小区１０－１１栋,82230951
黄埔区,南岗街,沙步社区卫生服务站,广州市黄埔区南岗街鹿步大街64号,82240059
黄埔区,大沙街,大沙街社区卫生服务中心,广州市黄埔区丰乐北路226号,82286043
黄埔区,大沙街,姬堂社区卫生服务站,广州市黄埔区大沙街姬堂长盛街,32387739
黄埔区,文冲街,文冲街社区卫生服务中心,广州市黄埔区黄埔东路骏雅北街１号首层,62981891
黄埔区,红山街,红山街社区卫生服务中心,广州市黄埔区红山街广新路649号,62953199
黄埔区,红山街,红荔社区卫生服务站,广州市黄埔区庙头红荔路动力大厦B座,82094193
黄埔区,红山街,双沙社区卫生服务站,广州市黄埔区红山街广新路649号,82385415
黄埔区,鱼珠街,鱼珠街社区卫生服务中心,广州市黄埔区鱼珠北街１９０号１－３层号,82296943
黄埔区,鱼珠街,金碧社区卫生服务站,广州市黄埔区鱼珠街金碧世纪南三街1号,32035585
黄埔区,鱼珠街,茅岗社区卫生服务站,广州市黄埔区茅岗元贝首层,32387739
黄埔区,黄埔街,黄埔街社区卫生服务中心,广州市黄埔区丰乐南路金逸雅居88号大院20号首层,82487992
黄埔区,黄埔街,港湾社区卫生服务站,广州市黄埔区港湾路325号大院,82289439
黄埔区,穗东街,穗东街社区卫生服务中心,广州市黄埔区黄埔东路2274号,82001629
黄埔区,穗东街,夏园社区卫生服务站,广州市黄埔区夏园村夏园路16号,82089007－860
黄埔区,穗东街,庙头社区卫生服务站,广州市黄埔区黄埔庙头大街36号,62246520
黄埔区,长洲街,长洲街社区卫生服务中心,广州市黄埔区长洲街黄船4街1号,82502031
黄埔区,长洲街,深井社区卫生服务站,广州市黄埔区长洲街深井安新前街2号,82556079
黄埔区,长洲街,长洲社区卫生服务站,广州市黄埔区长洲街上庄边岗,82502031
番禺区,市桥街,市桥街北片社区卫生服务站,广州市番禺区市桥街光明北路47号,84836043
番禺区,市桥街,市桥街东片社区卫生服务站,广州市番禺区市桥街坑口路84号,34600544
番禺区,市桥街,市桥街西片社区卫生服务站,广州市番禺区市桥捷进中路57号,34800035
番禺区,市桥街,市桥街社区卫生服务中心,广州市番禺区市桥街解放路198-204号,34609280
番禺区,市桥街,市桥街三堂社区卫生服务站,广州市番禺区市桥街三堂路27、28、30号,84824417
番禺区,市桥街,市桥街石街社区卫生服务站,广州市番禺区市桥街大南路1、3、5、7号,84831363
番禺区,市桥街,市桥街东片东城社区卫生服务站,广州市番禺区市桥街德胜路226-240号,84644974
番禺区,东环街,东环街社区卫生服务中心,广州市番禺区东环街市新路蔡边一村商贸城一、二楼,34819550
番禺区,东环街,东环街鸣翠苑社区卫生服务站,广州市番禺区光明北路382—384号,66359977
番禺区,大石街,大石街社区卫生服务中心,广州市番禺区大石街会江村石中二路6号,34782453
番禺区,大石街,大石街大石社区卫生服务站,广州市番禺区大石街岗东路88号,34789430
番禺区,大石街,大石街河村社区卫生服务站,广州市番禺区大石街河村商铺1号,84783120
番禺区,洛浦街,洛浦街社区卫生服务中心,广州市番禺区洛浦街西二村西乡二路11号,34890181
番禺区,洛浦街,洛浦街洛城社区卫生服务站,广州市番禺区洛溪新城吉祥北道181号,84584047
番禺区,洛浦街,洛浦街沙溪社区卫生服务站,广州市番禺区洛浦街沙滘东路四村南街四巷六号,34709848
番禺区,小谷围街,小谷围新村社区卫生服务中心,广州市番禺区新造镇谷围新村穗石路1号楼,34723533
番禺区,桥南街,桥南街社区卫生服务中心,广州市番禺区桥南街桥南路50号,39175200
番禺区,桥南街,桥南街陇枕社区卫生服务站,广州市番禺区桥南街汇景大道25号,34615213
番禺区,沙头街,沙头街社区卫生服务中心,广州市番禺区沙头街沙南路41号,84899399
番禺区,沙头街,沙头街金晖社区卫生服务站,广州市番禺区北桥路131号,34511234
番禺区,沙头街,沙头街大罗社区卫生服务站,广州市番禺区沙头街银平路79号,84695350
番禺区,石壁街,石壁街社区卫生服务中心,广州市番禺区石壁街石一村村头,34772231
番禺区,石壁街,石壁街韦涌社区卫生服务站,广州市番禺区石壁街钟韦公路韦涌村府旁,84772341
番禺区,石壁街,石壁街屏山社区卫生服务站,广州市番禺区石壁街屏一村屏二东街17号,39909392
番禺区,钟村街,钟村街社区卫生服务中心,广州市番禺区钟村街商贸城I型1号铺,84714040
番禺区,钟村街,钟村街钟一社区卫生服务站,广州市番禺区钟村街钟坪大道45号,13694272816
番禺区,大龙街,大龙街社区卫生服务中心,广州市番禺区大龙街城区大道傍西村段12号,34562691
番禺区,大龙街,大龙街大龙社区卫生服务站,广州市番禺区大龙街金龙路71号,84857250
番禺区,大龙街,大龙街旧水坑社区卫生服务站,广州市番禺区大龙街旧水坑村旧村南路8号,34567520
番禺区,南村镇,南村镇社区卫生服务中心,广州市番禺区南村镇兴业路西段太坪岗诺德道3号,39217883
番禺区,南村镇,南村镇坑头社区卫生服务站,广州市番禺区南村镇坑头村西和路19号,84768997
番禺区,南村镇,南村镇员岗社区卫生服务站,广州市番禺区南村镇员岗村员岗中路7号,84565013
番禺区,石碁镇,石碁镇社区卫生服务中心,广州市番禺区石碁镇市莲路官涌村段2号,84853398
番禺区,石碁镇,石基镇前长社区卫生服务站,广州市番禺区石碁镇前锋村前龙东路前锋东上街38号之2,34550868
番禺区,石楼镇,石楼镇社区卫生服务中心,广州市番禺区石楼镇东门路36号,84860177
番禺区,石楼镇,石楼镇海鸥社区卫生服务站,广州市番禺区石楼镇海鸥公路913号,84653092
番禺区,沙湾镇,沙湾镇社区卫生服务中心,广州市番禺区沙湾镇大涌口村涌口大道52号,84735575
番禺区,沙湾镇,沙湾镇古龙社区卫生服务站,广州市番禺区沙湾镇古东村牌坊围,34874330
番禺区,沙湾镇,沙湾镇紫坭社区卫生服务站,广州市番禺区沙湾镇紫坭村东里大街12号,84746537
番禺区,沙湾镇,沙湾镇渡头社区卫生服务站,广州市番禺区沙湾镇接源路1号之一,84731758
番禺区,沙湾镇,沙湾镇南村社区卫生服务站,广州市番禺区沙湾镇大巷涌路97号,34877799
番禺区,化龙镇,化龙镇社区卫生服务中心,广州市番禺区化龙镇亭南路27号,34758118
番禺区,化龙镇,化龙镇潭山社区卫生服务站,广州市番禺区化龙镇潭山大道72号,84756426
番禺区,化龙镇,化龙镇明经社区卫生服务站,广州市番禺区番禺区化龙镇明经村路口,84752433
番禺区,化龙镇,化龙镇眉山社区卫生服务站,广州市番禺区眉山村宾月大街39号之二,-
番禺区,化龙镇,化龙镇沙亭社区卫生服务站,广州市番禺区沙亭中约大街1号,-
番禺区,新造镇,新造镇社区卫生服务中心,广州市番禺区新造镇新广路24号,84728436
花都区,新华街,花都区新街社区卫生服务中心,广州市花都区新华街新街西路2号,86822580
花都区,新华街,田美社区卫生服务站,广州市花都区新华街田美村委对面,86811489
花都区,新雅街,花都区清布社区卫生服务中心,广州市花都区新华街清布村,86857533
花都区,新雅街,国光工业园社区卫生服务站,广州市花都区新雅街镜湖大道国光工业园内,28606592
花都区,花城街,广州花都建设北社区卫生服务中心,广州市花都区新华街建设北路194号,86888609
花都区,秀全街,广州市花都区秀全社区卫生服务中心,广州市花都区花港大道地段 保利城花园 小区内,22980910
花都区,秀全街,九潭社区卫生服务站,广州市花都区秀全街九潭村委西侧,86863721
花都区,新华街,花都区新华社区卫生服务中心,广州市花都区新华街农新路8号,22677806
花都区,新华街,花都区天贵社区卫生服务中心,广州市花都区新华街新华路133号,22670905
南沙区,南沙街,南沙街社区卫生服务中心,广州市南沙区进港大道54号,84684001
南沙区,南沙街,南沙街鹿颈社区卫生服务站,广州市南沙区南沙街鹿颈村,13798019364
南沙区,南沙街,南沙街塘坑社区卫生服务站,广州市南沙区南沙街塘坑村,18022855496
南沙区,南沙街,南沙街东瓜宇社区卫生服务站,广州市南沙区南沙街东瓜宇村,13570094332
南沙区,珠江街,南沙区珠江街社区卫生服务中心,广州市南沙区珠江街嘉安花园嘉顺四街1号101、201,39056183
南沙区,珠江街,珠江街前锋社区卫生服务站,广州市南沙区珠江街永安村二街,39086220
南沙区,珠江街,珠江街福生社区卫生服务站,广州市南沙区珠江街福安一街,84529081
南沙区,珠江街,珠江街礼隆社区卫生服务站,广州市南沙区珠江街珠糖三路四巷28号,84529083
南沙区,龙穴街,龙穴街龙穴社区卫生服务站,广州市南沙区龙穴街龙穴路38号,84940093
南沙区,万顷沙镇,南沙区万顷沙镇社区卫生服务中心,广州市南沙区万顷沙镇新垦大道70号,84951881
南沙区,黄阁镇,南沙区黄阁镇社区卫生服务中心,广州市南沙区黄阁镇麒麟新城新阁街4号、6号102首###,39390698
南沙区,横沥镇,南沙区横沥镇社区卫生服务中心,广州市南沙区横沥镇冯马三村委会,84963720
南沙区,榄核镇,南沙区榄核镇社区卫生服务中心,广州市南沙区榄核镇九比村广珠路246号,34993466
南沙区,榄核镇,南沙区榄核镇榄核社区卫生服务站,广州市南沙区榄核镇镇南路44号,84929207
南沙区,榄核镇,南沙区榄核镇镇泰社区卫生服务站,广州市南沙区榄核镇蔡新路290号,84922255
南沙区,大岗镇,南沙区大岗镇社区卫生服务中心,广州市南沙区大岗镇潭洲博爱路49号,84937113
南沙区,东涌镇,南沙区东涌镇社区卫生服务中心,广州市南沙区东涌镇太石村文化广场西面,34911930
增城市,荔城街,荔城街社区卫生服务中心,广州市增城市荔城街西园路27号,82752381
增城市,荔城街,荔城街兴发社区卫生服务站,广州市增城市荔城街滨海二街39、41、43号,-
增城市,荔城街,荔城街开园社区卫生服务站,广州市增城市荔城街西城路6号,-
增城市,荔城街,荔城街雁塔社区卫生服务站,广州市增城市广州华立科技园华立路7号,-
增城市,增江街,增江街东山社区卫生服务站,广州市增城市增江街东山路1号,82725109
增城市,朱村街,朱村街社区卫生服务中心,广州市增城市朱村街朱村大道西14号,82851087
增城市,永宁街,永宁街永和社区卫生服务中心,广州市增城市永宁街永联路2号,82975845
增城市,永宁街,永宁街宁西社区卫生服务中心,广州市增城市永宁街宁西社区南香街14号,82961231
从化市,街口街,街口街社区卫生服务中心,广州市从化市街口街西宁中路103号,87922158
从化市,街口街,街口街中田社区卫生服务站,广州市从化市街口街建云东路41号,87958723
从化市,街口街,街口街新城社区卫生服务站,广州市从化市街口街城中路30号,87961862
从化市,街口街,街口街逸泉社区卫生服务站,广州市从化市逸泉山庄逸采路1号,87806125
从化市,城郊街,城郊街社区卫生服务中心,广州市从化市街口街西宁西路163号,87917433
从化市,城郊街,城郊街镇北社区卫生服务站,广州市从化市城郊街镇北路8巷1栋首层商铺,89908191
从化市,城郊街,城郊街旺城社区卫生服务站,广州市从化市城郊街旺城大道福城路19-21号,87916603
从化市,城郊街,城郊街明珠社区卫生服务中心,广州市从化市城郊街横江路250号,87905334
从化市,江埔街,江埔街社区卫生服务中心,广州市从化市江埔街河东南路39号,87981936
从化市,江埔街,江埔街禾仓社区卫生服务站,广州市从化市江埔街从樟公路105国道边禾仓村委一楼,37980803
从化市,江埔街,江埔街雅居乐社区卫生服务站,广州市从化市江埔街雅居乐滨江花园景瑞园A8栋之14、15号,37982690
从化市,江埔街,江埔街河东北社区卫生服务站,广州市从化市江埔街河东北路49号,37981722
